{
    "depth": 2,
    "neuron_each_layer": [
        4,
        3
    ],
    "weights": [
        [
            [
                -0.39343888618943823,
                -0.5460261282276837,
                -0.436709141506159
            ],
            [
                0.32412696301932753,
                -0.1877458432955268,
                -0.01581326293030183
            ],
            [
                -0.6345584363354837,
                0.6186058136196924,
                -0.9786867366839258
            ],
            [
                0.8538497225133435,
                0.5837701553477144,
                -0.15970812669471668
            ],
            [
                -0.22278736021413126,
                -0.22587705807542346,
                0.32724145465023646
            ]
        ]
    ],
    "activation_funcs": [
        "none",
        "sigm"
    ]
}